,pearson,p-value
auto_human,0.9900218204466373,0.09000830077044823
auto_model,0.6170461357921865,0.576658365896219
human_model,0.4999999999999999,0.6666666666666667
