filename,precision,recall,f1,tp,fp,fn,cluster
32997782,0.6666666464646471,0.3928571358418369,0.49438154475488943,22,11,34,9
31378248,0.9999999687500011,0.3232323199673503,0.48854924165285957,32,0,67,26
33857916,0.6363636170798904,0.3749999933035716,0.47190963514753753,21,12,35,9
34530632,0.7368420664819965,0.7368420664819965,0.7368415664823358,14,5,5,8
30785587,0.7999999680000013,0.22222221975308645,0.3478257406430496,20,5,70,2
